<?xml version="1.0" encoding="UTF-8"?>
<beans xmlns="http://www.springframework.org/schema/beans"
	xmlns:xsi="http://www.w3.org/2001/XMLSchema-instance"
	xsi:schemaLocation="http://www.springframework.org/schema/beans http://www.springframework.org/schema/beans/spring-beans.xsd">
	
	<bean id="bmiCalVo" class="com.spring.springTest.vo.BMICalVo">
		<property name="lowWeight" value="18.5"/>
		<property name="normal" value="18.5"/>
		<property name="overWeight" value="23"/>
		<property name="obesity" value="25"/>
	</bean>
	
	<bean id="vo" class="com.spring.springTest.vo.BMIVo">
		<property name="bmiCalVo">
			<ref bean="bmiCalVo"/>
		</property>
		<property name="name" value="홍길동"/>
		<property name="weight" value="80"/>
		<property name="height" value="180"/>
	</bean>

</beans>
