<?xml version="1.0" encoding="UTF-8"?>
<beans xmlns="http://www.springframework.org/schema/beans"
	xmlns:xsi="http://www.w3.org/2001/XMLSchema-instance"
	xsi:schemaLocation="http://www.springframework.org/schema/beans http://www.springframework.org/schema/beans/spring-beans.xsd">
	
	<bean id="cal" class="com.spring.springTest.ex4.Calculator"/>
	<bean id="vo" class="com.spring.springTest.vo.CalculatorEx4Vo">
		<property name="cal">
			<ref bean="cal"/>
		</property>
		
		<property name="a" value="100"/>
		<property name="b"><value>200</value></property>
	</bean>

</beans>
