<?xml version="1.0" encoding="UTF-8"?>
<beans xmlns="http://www.springframework.org/schema/beans"
	xmlns:xsi="http://www.w3.org/2001/XMLSchema-instance"
	xsi:schemaLocation="http://www.springframework.org/schema/beans http://www.springframework.org/schema/beans/spring-beans.xsd">
	<bean id="vo" class="com.spring.springTest.vo.SungjukEx7Vo">
		<constructor-arg><value>홍길동</value></constructor-arg>
		<constructor-arg><value>100</value></constructor-arg>
		<constructor-arg value="90"></constructor-arg>
	</bean>
	
	<bean id="calEx7" class="com.spring.springTest.ex7.CalculatorEx7">
		<constructor-arg><ref bean="vo"/></constructor-arg>
	</bean>

</beans>
