<?xml version="1.0" encoding="UTF-8"?>
<!DOCTYPE tiles-definitions PUBLIC
  "-//Apache Software Foundation//DTD Tiles Configuration 3.0//EN"
  "http://tiles.apache.org/dtds/tiles-config_3_0.dtd">
	
<tiles-definitions>
	<!-- tiles 적용하지 않을때 (login 폴더의 파일들은 타일즈 적용하지 않는다)-->
	<definition name="layoutNo" template="/WEB-INF/views/layout/loginLayout.jsp">
		<put-attribute name="body" value=""/>
	</definition>
	<definition name="login/*" extends="layoutNo">
		<put-attribute name="body" value="/WEB-INF/views/login/{1}.jsp"></put-attribute>
	</definition>
	<definition name="login/*/*" extends="layoutNo">
		<put-attribute name="body" value="/WEB-INF/views/login/{1}/{2}.jsp"></put-attribute>
	</definition>
	
	<!-- tiles 적용할 때 -->
	<definition name="layoutYes" template="/WEB-INF/views/layout/baseLayout.jsp">
		<put-attribute name="header" value="/WEB-INF/views/layout/header.jsp"/>
		<put-attribute name="menu" value="/WEB-INF/views/layout/menu.jsp"/>
		<put-attribute name="body" value=""/>
		<put-attribute name="footer" value="/WEB-INF/views/layout/footer.jsp"/>
	</definition>
	<definition name="*/*" extends="layoutYes">
		<put-attribute name="body" value="/WEB-INF/views/{1}/{2}.jsp"></put-attribute>
	</definition>
	<definition name="*/*/*" extends="layoutYes">
		<put-attribute name="body" value="/WEB-INF/views/{1}/{2}/{3}.jsp"></put-attribute>
	</definition>
	
	
	
	
</tiles-definitions>
