<?xml version="1.0" encoding="UTF-8"?>
<!DOCTYPE mapper PUBLIC "-//mybatis.org//DTD Mapper 3.0//EN" "http://mybatis.org/dtd/mybatis-3-mapper.dtd">

<mapper namespace="com.spring.cjs200810.dao.MemberDao">
	<insert id="insertMember">
		insert into member(id,pw,nick,birth,email,tel,address) value(#{vo.id},#{vo.pw},#{vo.nick},#{vo.birth},#{vo.email},#{vo.tel},#{vo.address});
	</insert>
	<select id="countById" resultType="_int">
		select count(id) from member where id=#{id};
	</select>
	<select id="countByNick" resultType="_int">
		select count(nick) from member where nick=#{nick};
	</select>
	<select id="selectIdPw" resultType="com.spring.cjs200810.vo.MemberVo">
		select * from member where id=#{id};
	</select>
	<select id="selectByEmail" resultType="com.spring.cjs200810.vo.MemberVo">
		select * from member where email=#{email};
	</select>
	<select id="selectByIdEmail" resultType="com.spring.cjs200810.vo.MemberVo">
		select * from member where id=#{id} and email=#{email};
	</select>
	<update id="updateTempPw">
		update member set pw=#{encPw} where id=#{id};
	</update>
	<select id="selectById" resultType="com.spring.cjs200810.vo.MemberVo">
		select * from member where id=#{id};
	</select>
	<update id="updateMember">
		update member set pw=#{vo.pw}, birth=#{vo.birth}, email=#{vo.email}, tel=#{vo.tel}, address=#{vo.address} where id=#{id};
	</update>
</mapper>