<?xml version="1.0" encoding="UTF-8"?>
<!DOCTYPE mapper PUBLIC "-//mybatis.org//DTD Mapper 3.0//EN" "http://mybatis.org/dtd/mybatis-3-mapper.dtd">
<mapper namespace="com.spring.springDb.dao.UserDao">

	<select id="getUserList" resultType="com.spring.springDb.vo.UserVo">
		select * from user;
	</select>
	<insert id="userInput">
		insert into user values(default,#{vo.id},#{vo.pw});
	</insert>
	<select id="getUserSearch" resultType="com.spring.springDb.vo.UserVo">
		select * from user where idx = #{idx};
	</select>
	<update id="userUpdate">
		update user set id = #{vo.id}, pw = #{vo.pw} where idx = #{vo.idx};
	</update>
	<delete id="deleteUser">
		delete from user where idx = #{idx};
	</delete>
	<select id="getPw" resultType="com.spring.springDb.vo.UserVo">
		select * from user where id= #{id};
	</select>


</mapper>